{
	"1": {"cams": ["1", "0", "1", "0", "1", "1", "0", "1", "1", "0", "1", "0", "1", "0", "0", "1", "1", "0", "1", "1", "0", "1", "0", "0", "1", "0", "0", "0", "1", "1", "1", "1", "0", "0", "0", "1", "0", "1", "0", "0", "1"], "n_cams": 41}, 
	"2": {"cams": ["0", "1", "1", "1", "0", "1", "1", "1", "1", "1", "1", "0", "0", "1", "1", "1", "0", "0", "0", "0", "1", "0", "0", "0", "1", "0", "0", "1", "1", "0", "0"], "n_cams": 31}, 
	"3": {"cams": ["0", "1", "0", "0", "1", "1", "0", "1", "0", "0", "1", "1", "0", "1", "0", "1", "1", "1", "1", "0", "0", "1", "1", "0", "1", "1", "1", "1", "0"], "n_cams": 29}, 
	"4": {"cams": ["0", "0", "0", "1", "1", "1", "1", "1", "1", "0", "0", "1", "0", "0", "1", "1", "1", "1", "1", "1", "0", "0", "0", "0", "0", "0"], "n_cams": 26}, 
	"5": {"cams": ["0", "0", "1", "1", "1", "0", "1", "1", "0", "1", "0", "1", "0", "0", "0", "0", "1", "0", "1", "1", "1", "0", "0"], "n_cams": 23}
}