{
	"37": {"cams": ["0", "0", "1", "1", "1", "0", "1", "0", "1", "0", "1", "1", "0", "0", "1", "0", "1", "0", "1", "0", "0", "1", "1", "0", "0", "0", "1", "0", "1", "0", "1", "1", "0", "0", "1", "1", "0"], "n_cams": 37}, 
	"61": {"cams": ["0", "1", "0", "0", "0", "0", "1", "1", "0", "1", "0", "0", "0", "1", "0", "1", "1", "0", "0", "0", "0", "0", "1", "1", "1", "0", "0", "0", "1", "0", "0", "1", "0", "1", "1", "1", "1", "1", "1", "0", "0", "1", "1", "0", "1", "0", "0", "1", "1", "0", "1", "0", "0", "1", "1", "0", "0", "0", "1", "1", "1"], "n_cams": 61}
}