{
	"1": {"cams": ["1", "0", "1", "0", "0", "0", "0", "1", "1", "0", "0", "1", "0", "0", "0", "0", "0", "0", "0", "0", "0", "1", "0", "0", "0", "0", "0", "0", "1", "0", "1", "0", "0", "1", "0", "1", "1", "1", "1", "1", "0", "0", "0"], "n_cams": 43}, 
	"2": {"cams": ["1", "1", "1", "1", "1", "1", "1", "0", "0", "0", "0", "0", "1", "1", "0", "0", "1", "1", "0", "1", "0", "1", "0", "1", "1", "0", "1", "1", "0", "0", "0", "0", "1", "0", "0", "1", "0", "1", "0", "0", "1", "1", "0", "0", "1", "0", "0"], "n_cams": 47}, 
	"3": {"cams": ["1", "1", "0", "1", "0", "0", "1", "1", "1", "1", "1", "1", "0", "0", "0", "0", "1", "0", "0", "1", "1", "0", "1", "1", "1", "1", "1", "1", "1", "0", "1", "0", "0", "0", "0", "0", "1", "0", "0", "0", "0", "0", "1", "1", "0", "0", "1", "1", "0", "0", "1"], "n_cams": 51}, 
	"4": {"cams": ["0", "0", "1", "1", "0", "0", "0", "0", "1", "0", "1", "1", "0", "1", "0", "1", "1", "0", "0", "1", "1", "0", "0", "1", "1", "0", "0", "0", "0", "0", "0", "1", "0", "1", "0", "0", "1", "0", "0", "1", "1", "1", "1", "1", "0", "0", "1", "1", "1", "1", "0", "1", "1"], "n_cams": 53}, 
	"5": {"cams": ["1", "1", "0", "1", "0", "0", "0", "0", "0", "1", "1", "0", "0", "1", "0", "0", "1", "1", "0", "1", "0", "0", "1", "1", "0", "1", "0", "0", "0", "1", "1", "0", "0", "0", "0", "0", "0", "0", "1", "0", "0", "1", "1", "1", "0", "0", "1", "1", "0", "1", "0", "0", "1", "1", "0", "0", "1", "1", "0"], "n_cams": 59}
}